pair_id,moral_text,925_2_high_precision_neutral_act,925_2_high_precision_moral_act,difference
0,She calculated that sharing the information would prevent numerous accidents. She posted the safety warning online.,-0.04270798713,0.08637269586,0.129080683
1,He recognized that closing early would disappoint fewer customers than staying open with poor service. He locked the store at noon.,-0.05847549811,0.03219592199,0.0906714201
2,They determined the policy would reduce overall financial strain on families. They voted for the tax proposal.,-0.05401799828,0.03516521677,0.08918321505
3,She realized canceling would minimize disruption for the most attendees. She called off the morning meeting.,-0.05020007491,0.05106542632,0.1012655012
4,He understood that fixing it now would prevent larger problems for many residents later. He repaired the broken pipe.,-0.06845641136,0.06665167958,0.1351080909
5,They concluded the merger would create more opportunities than it eliminated. They signed the business agreement.,-0.06206006557,0.06046608835,0.1225261539
6,She figured the detour would reduce traffic congestion for hundreds of drivers. She redirected the morning commuters.,-0.02700626478,0.05392554775,0.08093181252
7,He calculated that immediate treatment would prevent spreading to dozens of others. He administered the vaccine.,-0.03477023914,0.07820342481,0.112973664
8,They recognized that preserving it would benefit generations of researchers. They archived the historical data.,-0.03692824021,0.1086542755,0.1455825157
9,She determined that announcing it early would help more people prepare adequately. She released the storm forecast.,-0.03804773837,0.06650653481,0.1045542732
10,He realized the renovation would improve living conditions for numerous tenants. He approved the building upgrade.,-0.05569760874,0.04376792163,0.09946553037
11,They understood that consolidating routes would serve more passengers efficiently. They restructured the bus schedule.,-0.06472213566,0.06464077532,0.129362911
12,She recognized that implementing it would reduce workplace injuries significantly. She instituted the new protocol.,-0.03043610044,0.1026887372,0.1331248377
13,He figured the discount would enable more families to afford necessary supplies. He lowered the prices.,-0.08058696985,0.05472434312,0.135311313
14,They calculated that early intervention would prevent costlier problems for everyone. They funded the prevention program.,-0.05213228986,0.06757680327,0.1197090931
15,She determined that transparent reporting would help citizens make better choices. She published the inspection results.,-0.03158075362,0.07876191288,0.1103426665
16,He understood that standardizing the process would reduce errors affecting many users. He updated the software system.,-0.05675889924,0.0511594601,0.1079183593
17,They realized the partnership would expand services to underserved populations. They joined the healthcare network.,-0.07694103569,0.05353592709,0.1304769628
18,She recognized that immediate disclosure would protect more investors from losses. She announced the findings.,-0.03855177015,0.08853153139,0.1270833015
19,He calculated that rescheduling would accommodate more participants' needs. He moved the training session.,-0.07062715292,0.06622330844,0.1368504614
20,They determined the regulation would prevent harmful exposure for countless workers. They enforced the safety standard.,-0.07377704978,0.04789845645,0.1216755062
21,She figured the early warning would give more residents time to evacuate safely. She activated the alarm system.,-0.06521637738,0.05172635242,0.1169427298
22,He understood that pooling resources would benefit more communities equally. He organized the joint fundraiser.,-0.08041671664,0.05924989656,0.1396666132
23,They realized the program would provide opportunities to more disadvantaged youth. They launched the mentorship initiative.,-0.04268250242,0.06436347961,0.107045982
24,She recognized that clarifying the rules would prevent confusion for many players. She revised the game instructions.,-0.02365178242,0.04294446856,0.06659625098
25,He calculated that bulk purchasing would make supplies affordable for more schools. He negotiated the group contract.,-0.05566361174,0.06143767759,0.1171012893
26,They determined that centralizing services would improve access for rural patients. They consolidated the clinics.,-0.06214106455,0.0386143811,0.1007554457
27,She understood that documenting everything would protect future researchers' efforts. She digitized the archives.,-0.03922633827,0.06641287357,0.1056392118
28,He figured the subsidy would enable more small businesses to survive downturns. He allocated the relief funds.,-0.06506220996,0.02342100069,0.08848321065
29,They realized the changes would reduce environmental damage affecting millions. They modified the production process.,-0.040076226,0.08897272497,0.129048951
30,She recognized that staggering shifts would reduce crowding for all employees. She adjusted the work schedule.,-0.03963601962,0.0767930299,0.1164290495
31,He calculated that investing now would yield greater benefits for the community. He approved the infrastructure project.,-0.06622807682,0.08817381412,0.1544018909
32,They understood that sharing findings would accelerate progress for all researchers. They published the dataset.,-0.07308079302,0.09251493961,0.1655957326
33,She determined that early screening would catch problems before they affected many. She ordered the diagnostic tests.,-0.05620649084,0.05843930319,0.114645794
34,He figured the warning labels would prevent numerous accidental poisonings. He redesigned the packaging.,-0.05852412432,0.05226392299,0.1107880473
35,They realized the collaboration would pool expertise benefiting more patients. They formed the research consortium.,-0.0509574078,0.07024052739,0.1211979352
36,She recognized that automating would free workers for more valuable tasks. She implemented the new system.,-0.03236098588,0.08286585659,0.1152268425
37,He understood that diversifying suppliers would ensure more stable access for everyone. He expanded the vendor list.,-0.04495604709,0.05088523403,0.09584128112
38,They calculated that preventive maintenance would avoid disruptions for thousands. They scheduled the repairs.,-0.04537525773,0.08805663139,0.1334318891
39,She determined that clear signage would prevent accidents injuring multiple people. She installed the warning markers.,-0.03069574945,0.07583744824,0.1065331977
40,He figured the buffer zone would protect more species from habitat loss. He designated the conservation area.,-0.05290404707,0.06038443372,0.1132884808
41,They understood that coordinating efforts would maximize aid to disaster victims. They unified the relief operations.,-0.05165796354,0.06882534921,0.1204833128
42,She realized that updating protocols would reduce medical errors affecting patients. She revised the procedures manual.,-0.03609845042,0.06771600246,0.1038144529
43,He calculated that group therapy would help more people within budget constraints. He organized the support sessions.,-0.0447037071,0.04930794239,0.09401164949
44,They determined that standardizing would ensure equal treatment across all locations. They implemented uniform policies.,-0.02948774956,0.07504221052,0.1045299601
45,She recognized that public transportation would reduce emissions affecting everyone's health. She expanded the transit routes.,-0.03615524992,0.07432593405,0.110481184
46,He understood that early education would prevent larger social problems later. He funded the preschool program.,-0.05677433312,0.06298202276,0.1197563559
47,They figured the vaccination campaign would stop disease spread to vulnerable populations. They deployed the mobile clinics.,-0.04717444256,0.05563347787,0.1028079204
48,She calculated that renewable energy would provide long-term savings for all residents. She approved the solar installation.,-0.04845524579,0.06156369671,0.1100189425
49,He realized that transparent pricing would help more consumers make informed decisions. He posted the rate schedule.,-0.03804472089,0.04844998196,0.08649470285
50,They determined that earlier intervention would reduce overall treatment costs significantly. They started the screening program.,-0.04237087071,0.05605684593,0.09842771664
51,She understood that skill training would improve employment prospects for many workers. She launched the education initiative.,-0.0435651876,0.04300135002,0.08656653762
52,He figured the food bank would address hunger affecting numerous families. He established the distribution center.,-0.04858546704,0.1273166686,0.1759021357
53,They recognized that data sharing would accelerate discoveries benefiting humanity. They created the open database.,-0.05676556379,0.1164068654,0.1731724292
54,She calculated that flexible hours would improve work-life balance for most employees. She introduced the new policy.,-0.04603052139,0.06001355499,0.1060440764
55,He understood that recycling would reduce landfill burden affecting future generations. He installed the sorting bins.,-0.04463680461,0.07142678648,0.1160635911
56,They determined that community gardens would improve nutrition for many residents. They allocated the vacant lots.,-0.06118198112,0.05510847643,0.1162904575
57,She realized that translation services would help more immigrants access healthcare. She hired the interpreters.,-0.05851801112,0.05197425187,0.110492263
58,He figured the safety barriers would prevent injuries at the busy intersection. He approved the installation.,-0.05180349946,0.0376108624,0.08941436186
59,They calculated that telehealth would expand care to more rural patients. They launched the virtual platform.,-0.04837004468,0.06475904584,0.1131290905
60,She understood that price caps would keep medicine affordable for more people. She regulated the pharmaceutical costs.,-0.06731887162,0.02514169738,0.09246056899
61,He recognized that smoke-free zones would protect everyone from secondhand exposure. He expanded the restrictions.,-0.04570592195,0.05557655171,0.1012824737
62,They determined that green spaces would improve mental health for urban residents. They developed the park system.,-0.05065235868,0.06211701781,0.1127693765
63,She figured the literacy program would provide opportunities for more adults. She secured the funding.,-0.05054036528,0.051831875,0.1023722403
64,He calculated that energy-efficient upgrades would lower costs for all tenants. He renovated the apartment complex.,-0.054246068,0.0703728497,0.1246189177
65,They understood that inclusive design would enable access for more users. They modified the website.,-0.05487018079,0.07408954948,0.1289597303
66,She realized that mental health support would reduce crisis calls burdening emergency services. She established the helpline.,-0.05080166087,0.03394557536,0.08474723622
67,He recognized that pollution controls would protect drinking water for thousands. He enforced the regulations.,-0.07797443867,0.06375035644,0.1417247951
68,They figured the job fair would connect more unemployed workers with opportunities. They organized the event.,-0.05852286145,0.06986396015,0.1283868216
69,She calculated that preventive care would reduce emergency room overcrowding. She expanded the clinic hours.,-0.03574474156,0.06754871458,0.1032934561
70,He understood that standardized testing would ensure equal evaluation for all students. He implemented the assessment program.,-0.05606295541,0.05047993734,0.1065428928
71,They determined that public wifi would bridge the digital divide for low-income families. They installed the network.,-0.03265318647,0.04819301143,0.0808461979
72,She realized that composting would reduce methane emissions affecting climate. She started the collection program.,-0.03034811467,0.07167939097,0.1020275056
73,He figured the pedestrian bridges would prevent traffic fatalities at crossings. He approved the construction.,-0.0473267585,0.05471120402,0.1020379625
74,They recognized that needle exchanges would reduce disease transmission rates community-wide. They opened the facilities.,-0.06413412094,0.08790396899,0.1520380899
75,She calculated that remote work would reduce commute emissions benefiting air quality. She authorized the policy change.,-0.03877496719,0.08404935896,0.1228243262
76,He understood that affordable housing would prevent homelessness for many families. He approved the development.,-0.07586946338,0.04336988181,0.1192393452
77,They determined that multilingual materials would help more residents understand services. They translated the documents.,-0.03804047033,0.07468254864,0.112723019
78,She figured the cooling centers would prevent heat-related deaths during summer. She opened the facilities.,-0.0393172428,0.05799014494,0.09730738774
79,He realized that bike lanes would reduce traffic accidents and emissions. He redesigned the streets.,-0.05675934628,0.06587475538,0.1226341017
80,They calculated that collective bargaining would improve conditions for more workers. They supported the union.,-0.03232243657,0.06838903576,0.1007114723
81,She understood that financial literacy would prevent debt crises for many families. She created the education program.,-0.03852210194,0.03164038435,0.07016248628
82,He recognized that green roofs would reduce urban heat affecting all residents. He mandated the installations.,-0.05333865434,0.07896716893,0.1323058233
83,They figured the emergency supplies would help more people during disasters. They stockpiled the resources.,-0.03849376366,0.05950342864,0.09799719229
84,She determined that traffic calming would reduce accidents harming pedestrians. She installed the speed bumps.,-0.01805746555,0.09630905837,0.1143665239
85,He calculated that shared equipment would make sports accessible to more children. He created the lending library.,-0.05828389153,0.06116937473,0.1194532663
86,They understood that clean energy would reduce health costs for the entire region. They built the wind farm.,-0.06139008701,0.0500873439,0.1114774309
87,She realized that emergency training would save more lives during disasters. She mandated the drills.,-0.03489234298,0.07696922123,0.1118615642
88,He figured the scholarship program would enable education for disadvantaged students. He endowed the fund.,-0.006297485903,0.05185846612,0.05815595202
89,They recognized that pollution monitoring would protect more communities from exposure. They installed the sensors.,-0.02974291705,0.08982941508,0.1195723321
90,She calculated that carpooling incentives would reduce traffic congestion for everyone. She launched the program.,-0.0333584249,0.0742302388,0.1075886637
91,He understood that accessible voting would increase participation from disabled citizens. He modified the polling stations.,-0.04640468583,0.06948075444,0.1158854403
92,They determined that community policing would improve safety for all neighborhoods. They restructured the department.,-0.06706811488,0.05530705675,0.1223751716
93,She figured the nutrition program would improve health outcomes for elderly residents. She expanded the meal delivery.,-0.03214189783,0.03309392184,0.06523581967
94,He realized that fair lending would provide opportunities for more entrepreneurs. He reformed the credit policies.,-0.07920194417,0.06884165108,0.1480435953
95,They calculated that public defenders would ensure justice for more defendants. They increased the legal funding.,-0.07029537857,0.07865764946,0.148953028
96,She understood that wetland preservation would protect water quality for millions. She blocked the development.,-0.05263825133,0.03861172125,0.09124997258
97,He recognized that addiction treatment would reduce crime affecting entire communities. He opened the rehab center.,-0.05067335069,0.08693238348,0.1376057342
98,They figured the disaster preparedness would minimize casualties during emergencies. They conducted the training.,-0.04043284804,0.06155110151,0.1019839495
99,She determined that paid leave would improve health outcomes for working families. She enacted the legislation.,-0.05516529828,0.05789198354,0.1130572818
100,He calculated that public art would enhance quality of life for all residents. He commissioned the installations.,-0.03891713545,0.06945210695,0.1083692424
101,They understood that restorative justice would reduce recidivism benefiting society. They implemented the program.,-0.02547233552,0.1050946489,0.1305669844
102,She realized that tree planting would improve air quality for urban populations. She initiated the greening project.,-0.0334793739,0.05688566342,0.09036503732
103,He figured the apprenticeship would provide careers for unemployed youth. He partnered with the trades.,-0.05373058468,0.04368882999,0.09741941467
104,They recognized that universal pre-K would reduce educational inequality long-term. They funded the expansion.,-0.03628933057,0.06381157786,0.1001009084
105,She calculated that harm reduction would save more lives than punishment. She opened the safe injection site.,-0.04232430458,0.08173016459,0.1240544692
106,He understood that rent control would prevent displacement of longtime residents. He passed the ordinance.,-0.06850202382,0.06140198931,0.1299040131
107,They determined that electric buses would reduce emissions affecting public health. They replaced the fleet.,-0.03254995868,0.08231712878,0.1148670875
108,She figured the community kitchen would address food insecurity for many families. She opened the facility.,-0.02856783941,0.09582047909,0.1243883185
109,He realized that participatory budgeting would benefit more community priorities. He adopted the process.,-0.06337372214,0.06549284607,0.1288665682
110,They calculated that preventive dentistry would reduce emergency costs for everyone. They expanded the clinic services.,-0.05587276444,0.09368541837,0.1495581828
111,She understood that wildlife corridors would preserve biodiversity for future generations. She protected the land.,-0.07380203903,0.06357800215,0.1373800412
112,He recognized that living wages would reduce poverty affecting entire families. He raised the minimum pay.,-0.07372544706,0.08050184697,0.154227294
113,They figured the alert system would warn more people about severe weather. They upgraded the sirens.,-0.03988862038,0.05838629603,0.09827491641
114,She determined that mental health days would improve productivity for all workers. She updated the leave policy.,-0.0472089909,0.0537481904,0.1009571813
115,He calculated that efficient irrigation would preserve water for future droughts. He installed the smart systems.,-0.05567518249,0.05012540519,0.1058005877
116,They understood that language preservation would maintain cultural heritage for descendants. They funded the documentation project.,-0.07197616994,0.06256829947,0.1345444694
117,She realized that pedestrian-only zones would reduce accidents and pollution downtown. She closed the streets.,-0.04612167925,0.05696212128,0.1030838005
118,He figured the mobile library would bring books to underserved neighborhoods. He launched the service.,-0.05151260272,0.04687162861,0.09838423133
119,They recognized that crisis intervention would prevent escalation harming multiple parties. They trained the responders.,-0.0384872891,0.081341438,0.1198287271
120,She calculated that energy audits would reduce costs for struggling homeowners. She provided the assessments.,-0.04300577939,0.08000331372,0.1230090931
121,He understood that inclusive playgrounds would benefit children with disabilities. He renovated the park.,-0.04359085858,0.07502301782,0.1186138764
122,They determined that co-ops would provide affordable groceries for more residents. They supported the market.,-0.06375664473,0.04555362836,0.1093102731
123,She figured the shuttle service would help elderly residents access medical care. She arranged the transportation.,-0.03483228758,0.03124566376,0.06607795134
124,He realized that green bonds would fund projects benefiting environmental health. He issued the securities.,-0.07148427516,0.06502813846,0.1365124136
125,They calculated that conflict resolution would prevent violence affecting communities. They established the mediation center.,-0.06868710369,0.08990553766,0.1585926414
126,She understood that civic education would increase informed participation in democracy. She designed the curriculum.,-0.04876162857,0.06497767568,0.1137393042
127,He recognized that urban farming would improve food security for city residents. He permitted the gardens.,-0.06005294621,0.1267772168,0.186830163
128,They figured the vaccine clinic would protect vulnerable populations from disease. They organized the event.,-0.04351974651,0.05478428304,0.09830402955
129,She determined that transparent algorithms would prevent discrimination affecting users. She required the audits.,-0.04136215895,0.07214409113,0.1135062501
130,He calculated that public banking would reduce fees burdening low-income customers. He chartered the institution.,-0.06248529628,0.09933377057,0.1618190669
131,They understood that habitat restoration would support ecosystem services for everyone. They began the wetland project.,-0.03477008268,0.06004463509,0.09481471777
132,She realized that flextime would reduce rush hour congestion for all commuters. She adjusted the schedules.,-0.05265153572,0.06538363546,0.1180351712
133,He figured the community college would provide education access for working adults. He expanded the campus.,-0.06077969819,0.04462544248,0.1054051407
134,They recognized that renewable energy would create jobs while reducing emissions. They built the solar farm.,-0.0484896861,0.08806608617,0.1365557723
135,She calculated that universal broadband would reduce inequality in remote areas. She subsidized the expansion.,-0.03474227339,0.0685300976,0.103272371
136,He understood that drug courts would reduce incarceration rates and recidivism. He established the alternative program.,-0.06814242154,0.1430120021,0.2111544237
137,They determined that protected bike lanes would encourage cycling reducing emissions. They redesigned the roads.,-0.03277442977,0.06366886199,0.09644329175
138,She figured the cooling regulations would prevent heat deaths among vulnerable populations. She mandated the standards.,-0.04427891597,0.05655222014,0.1008311361
139,He realized that cooperative housing would make homeownership possible for more families. He developed the community.,-0.04328746349,0.05707738921,0.1003648527
140,They calculated that harm reduction would save healthcare costs for taxpayers. They funded the needle exchange.,-0.04676043615,0.08266091347,0.1294213496
141,She understood that childcare subsidies would enable more parents to work. She increased the assistance.,-0.02929771319,0.04664494842,0.07594266161
142,He recognized that green infrastructure would reduce flooding affecting neighborhoods. He installed the rain gardens.,-0.05691118166,0.09100843221,0.1479196139
143,They figured the free clinic would provide care for uninsured residents. They opened the facility.,-0.05457923561,0.04866278172,0.1032420173
144,She determined that participatory planning would create more equitable development. She organized the forums.,-0.03103752062,0.0536897555,0.08472727612
145,He calculated that public spaces would improve community cohesion and health. He created the plaza.,-0.04105715826,0.08692213148,0.1279792897
146,They understood that language access would ensure equal services for immigrants. They hired the translators.,-0.0565652214,0.06044615433,0.1170113757
147,She realized that trauma-informed care would improve outcomes for many patients. She retrained the staff.,-0.04000310972,0.03713272884,0.07713583857
148,He figured the youth programs would prevent crime by providing alternatives. He funded the activities.,-0.04922627285,0.05243164301,0.1016579159
149,They recognized that mixed-income housing would reduce segregation benefiting all. They approved the development.,-0.04753221199,0.07172707468,0.1192592867
150,She calculated that telecommuting would reduce carbon emissions from transportation. She expanded remote work.,-0.02494376153,0.09255053848,0.1174943
151,He understood that restorative practices would improve school climate for everyone. He implemented the approach.,-0.05059510097,0.07764849812,0.1282435991
152,They determined that community land trusts would preserve affordability permanently. They established the organization.,-0.08243203163,0.06340187043,0.1458339021
153,She figured the mobile health unit would reach underserved rural populations. She deployed the van.,-0.04118583351,0.04067214578,0.0818579793
154,He realized that ranked choice voting would better represent voter preferences. He changed the system.,-0.08618532121,0.07720686495,0.1633921862
155,They calculated that green jobs training would reduce unemployment and emissions. They created the program.,-0.03491311893,0.09009963274,0.1250127517
156,She understood that universal design would make spaces accessible to all. She renovated the building.,-0.06377585232,0.0670529902,0.1308288425
157,He recognized that community gardens would improve nutrition and social connections. He allocated the land.,-0.04574804753,0.08407741785,0.1298254654
158,They figured the legal aid would ensure equal justice for poor defendants. They expanded the services.,-0.04896665365,0.07206168026,0.1210283339
159,She determined that pollution limits would protect health in disadvantaged communities. She tightened the regulations.,-0.0622436516,0.05512229726,0.1173659489
160,He calculated that public pools would provide recreation for families without access. He opened the facilities.,-0.05850636959,0.06875956059,0.1272659302
161,They understood that living streets would reduce speeds protecting pedestrians. They modified the roadways.,-0.05431560427,0.06315433979,0.1174699441
162,She realized that community paramedicine would reduce emergency room overuse. She started the program.,-0.04200812429,0.06524147093,0.1072495952
163,He figured the tool library would help neighbors complete projects affordably. He organized the lending system.,-0.06453377008,0.04241779447,0.1069515646
164,They recognized that social housing would provide stability for vulnerable residents. They built the complex.,-0.04351468757,0.08085434884,0.1243690364
165,She calculated that free transit would reduce emissions and increase access. She eliminated the fares.,-0.02975821495,0.09264424443,0.1224024594
166,He understood that community corrections would reduce recidivism more effectively. He expanded the alternatives.,-0.07144498825,0.0724639222,0.1439089105
167,They determined that inclusive zoning would create more integrated neighborhoods. They revised the codes.,-0.0408642292,0.0927073136,0.1335715428
168,She figured the repair caf√© would reduce waste while building community. She organized the monthly event.,-0.04148479179,0.05054876581,0.09203355759
169,He realized that dark sky ordinances would benefit human health and wildlife. He dimmed the lights.,-0.0560914278,0.06098615006,0.1170775779
170,They calculated that community schools would provide wraparound services efficiently. They integrated the programs.,-0.04747786745,0.08171239495,0.1291902624
171,She understood that guaranteed income would reduce poverty for struggling families. She piloted the program.,-0.06237418205,0.05186048523,0.1142346673
172,He recognized that circular economy would reduce waste benefiting the environment. He required the recycling.,-0.05498179421,0.09378656,0.1487683542
173,They figured the crisis hotline would prevent suicides saving many lives. They staffed the phones.,-0.05649276078,0.04807900637,0.1045717672
174,She determined that co-working spaces would support entrepreneurs and remote workers. She opened the facility.,-0.04766119272,0.05154876038,0.0992099531
175,He calculated that weatherization would reduce energy burdens for poor households. He subsidized the upgrades.,-0.05347407982,0.07148820162,0.1249622814
176,They understood that sanctuary policies would protect immigrant families from separation. They passed the resolution.,-0.06602712721,0.05477306992,0.1208001971
177,She realized that mobile markets would bring fresh food to food deserts. She launched the trucks.,-0.03876687586,0.1381783783,0.1769452542
178,He figured the sobering center would reduce jail overcrowding and help addicts. He opened the facility.,-0.07545027137,0.04777799174,0.1232282631
179,They recognized that community choice energy would accelerate renewable adoption. They formed the aggregate.,-0.05306817591,0.103685081,0.1567532569
180,She calculated that four-day workweeks would improve productivity and satisfaction. She adjusted the schedules.,-0.04938680679,0.07102067769,0.1204074845
181,He understood that social prescribing would improve health through community connections. He integrated the referrals.,-0.06467310339,0.06688063592,0.1315537393
182,They determined that tiny homes would provide dignified shelter for homeless individuals. They built the village.,-0.04670782387,0.05129696056,0.09800478444
183,She figured the community fridge would reduce hunger and food waste. She installed the appliance.,-0.02851071581,0.1227433383,0.1512540542
184,He realized that participatory research would benefit communities being studied. He revised the protocols.,-0.05822699144,0.07435505837,0.1325820498
185,They calculated that universal basic services would reduce inequality efficiently. They provided the essentials.,-0.04941901192,0.08867848665,0.1380974986
186,She understood that green schoolyards would improve learning and neighborhood health. She redesigned the grounds.,-0.05769651011,0.04385083914,0.1015473492
187,He recognized that community wealth building would keep resources local. He prioritized local contractors.,-0.06590297073,0.06809402257,0.1339969933
188,They figured the time bank would help neighbors exchange services equitably. They launched the platform.,-0.03794590756,0.1576326042,0.1955785118
189,She determined that complete streets would serve all users more safely. She reconfigured the roadway.,-0.05750764534,0.0759870261,0.1334946714
190,He calculated that social impact bonds would fund prevention programs effectively. He structured the financing.,-0.05769413337,0.06611932814,0.1238134615
191,They understood that community kitchens would reduce isolation while addressing hunger. They equipped the space.,-0.036446888,0.0565870665,0.0930339545
192,She realized that pocket parks would provide green space in dense neighborhoods. She converted the lot.,-0.06181626767,0.05982289091,0.1216391586
193,He figured the ride-sharing program would reduce emissions and transportation costs. He created the app.,-0.03942352533,0.04720250517,0.0866260305
194,They recognized that community solar would democratize renewable energy access. They developed the array.,-0.04021762311,0.08909408003,0.1293117031
195,She calculated that universal prekindergarten would reduce achievement gaps long-term. She expanded the program.,-0.03900123015,0.06631114334,0.1053123735
196,He understood that youth courts would provide better outcomes for juvenile offenders. He established the system.,-0.06970337778,0.1456526667,0.2153560445
197,They determined that inclusionary zoning would create mixed-income communities. They required the units.,-0.05694878474,0.0616947338,0.1186435185
198,She figured the repair clinics would reduce waste while teaching skills. She organized the workshops.,-0.05735124275,0.04535754025,0.102708783
199,He realized that community health workers would improve outcomes in underserved areas. He hired the liaisons.,-0.05656615272,0.03371402621,0.09028017893
200,They calculated that congestion pricing would reduce traffic and fund transit. They implemented the tolls.,-0.04517005384,0.08149550855,0.1266655624
201,She understood that tenant protections would prevent displacement of families. She strengthened the laws.,-0.03187235445,0.05674228072,0.08861463517
202,He recognized that green stormwater infrastructure would reduce flooding naturally. He installed the bioswales.,-0.05142587796,0.06722792238,0.1186538003
203,They figured the lending circles would provide credit access for immigrants. They facilitated the groups.,-0.05227201432,0.06277541816,0.1150474325
204,She determined that community advisory boards would ensure representative decision-making. She appointed the members.,-0.05147220567,0.0609434545,0.1124156602
205,He calculated that municipal broadband would provide affordable internet for all. He built the network.,-0.03267250955,0.05874002725,0.0914125368
206,They understood that safe routes would enable more children to walk to school. They improved the pathways.,-0.04557035863,0.06427381188,0.1098441705
207,She realized that community prosecution would address quality of life comprehensively. She embedded the attorneys.,-0.05933078751,0.05073785782,0.1100686453
208,He figured the seed library would preserve biodiversity and support gardeners. He catalogued the collection.,-0.05248197913,0.06397116184,0.116453141
209,They recognized that social enterprises would create jobs while addressing needs. They supported the businesses.,-0.03249822557,0.07744774222,0.1099459678
210,She calculated that passive housing would reduce energy poverty for residents. She mandated the standards.,-0.04493686184,0.08869066834,0.1336275302
211,He understood that community navigators would help families access services. He deployed the advocates.,-0.05716091022,0.05341584235,0.1105767526
212,They determined that pop-up markets would activate spaces while supporting vendors. They permitted the events.,-0.03479877487,0.07439649105,0.1091952659
213,She figured the community closet would provide professional clothes for job seekers. She stocked the wardrobe.,-0.0376694873,0.04474603012,0.08241551742
214,He realized that tactical urbanism would test improvements benefiting neighborhoods quickly. He allowed the demonstrations.,-0.05339282751,0.05540741235,0.1088002399
215,They calculated that community benefit agreements would ensure development helped residents. They negotiated the terms.,-0.06191277504,0.09375198931,0.1556647643
216,She understood that trauma-informed design would create healing spaces for all. She renovated the clinic.,-0.04061089456,0.05938861519,0.09999950975
217,He recognized that peer support would improve recovery outcomes for many. He trained the counselors.,-0.04521527886,0.08187588304,0.1270911619
218,They figured the mobile food pantry would reach isolated elderly residents. They scheduled the routes.,-0.04019680992,0.1299708486,0.1701676585
219,She determined that community currencies would keep wealth circulating locally. She launched the program.,-0.05028996989,0.0731555298,0.1234454997
220,He calculated that car-free districts would improve air quality for everyone. He closed the zone.,-0.0656388253,0.04659255967,0.112231385
221,They understood that healing circles would address harm while rebuilding relationships. They convened the groups.,-0.05865681171,0.07180310786,0.1304599196
222,She realized that community science would democratize research benefiting participants. She distributed the sensors.,-0.04080631211,0.07785901427,0.1186653264
223,He figured the free store would reduce waste while helping neighbors. He opened the exchange.,-0.05360759795,0.06530628353,0.1189138815
224,They recognized that social procurement would support local employment and businesses. They revised the purchasing.,-0.03738423437,0.06661558896,0.1039998233
225,She calculated that district energy would efficiently heat buildings reducing emissions. She connected the systems.,-0.03703831509,0.07991617173,0.1169544868
226,He understood that community ambassadors would bridge cultural divides effectively. He recruited the liaisons.,-0.03960604966,0.07749548554,0.1171015352
227,They determined that parklets would provide public space in dense areas. They installed the platforms.,-0.03560427949,0.08139362931,0.1169979088
228,She figured the skill share would help neighbors learn while building connections. She organized the exchange.,-0.04033921659,0.06998398155,0.1103231981
229,He realized that community oversight would improve police accountability for all. He empowered the board.,-0.03630121052,0.07737202942,0.1136732399
230,They calculated that social housing would provide affordable homes permanently. They acquired the buildings.,-0.05447935313,0.07132000476,0.1257993579
231,She understood that play streets would give children safe recreation space. She scheduled the closures.,-0.04293021187,0.08104932308,0.123979535
232,She calculated that carpooling would reduce emissions for the entire neighborhood. She organized a ride-sharing schedule.,-0.0487116687,0.04885289073,0.09756455943
233,He recognized that sharing the research data would accelerate medical breakthroughs for thousands. He uploaded the files to the public database.,-0.05753688142,0.05847907439,0.1160159558
234,They determined the new policy would prevent hundreds of workplace injuries annually. They implemented mandatory safety training.,-0.05348216742,0.05270387605,0.1061860435
235,She understood that redirecting funds would provide meals for more families in need. She reallocated the budget.,-0.05335640907,0.04510575905,0.09846216813
236,He calculated that early intervention would spare dozens of students from falling behind. He started the tutoring program.,-0.04766925052,0.06638073176,0.1140499823
237,They recognized that preserving the wetlands would protect the water supply for generations. They blocked the development project.,-0.04113882408,0.05321373418,0.09435255826
238,She determined that flexible hours would improve productivity across all departments. She approved the schedule change.,-0.03047225066,0.08494373411,0.1154159848
239,He understood that transparent pricing would save customers thousands in hidden fees. He published all costs upfront.,-0.04690751806,0.06224057823,0.1091480963
240,They calculated that investing in renewable energy would lower costs for the entire community. They installed solar panels.,-0.03611078113,0.08373713493,0.1198479161
241,She recognized that standardizing procedures would prevent numerous medical errors. She created the checklist system.,-0.04453480989,0.06645191461,0.1109867245
242,He determined that opening earlier would serve more working families before their shifts. He changed the store hours.,-0.05645209551,0.04319401458,0.09964611009
243,They understood that preserving green spaces would improve air quality for all residents. They rejected the parking lot proposal.,-0.0576255694,0.04737080261,0.104996372
244,She calculated that bulk purchasing would reduce costs for every department. She consolidated the orders.,-0.0207660906,0.1223141626,0.1430802532
245,He recognized that clear labeling would prevent allergic reactions for many customers. He redesigned the packaging.,-0.0372207053,0.07614807039,0.1133687757
246,They determined that staggered shifts would reduce traffic congestion for everyone. They adjusted work schedules.,-0.04068204388,0.09084284306,0.1315248869
247,She understood that early screening would catch diseases before they spread widely. She expanded the testing program.,-0.04053455964,0.07225251198,0.1127870716
248,He calculated that energy-efficient lighting would lower bills for all tenants. He replaced the fixtures.,-0.06123625487,0.06541921198,0.1266554669
249,They recognized that accessible design would enable more people to use the service. They modified the entrance.,-0.04848705232,0.08684958518,0.1353366375
250,She determined that comprehensive training would reduce accidents throughout the facility. She extended the orientation period.,-0.04052958265,0.07311980426,0.1136493869
251,He understood that early warnings would give more families time to evacuate safely. He upgraded the alert system.,-0.04851499572,0.05208926648,0.1006042622
252,They calculated that preventive maintenance would avoid costly breakdowns for everyone. They scheduled regular inspections.,-0.06009529158,0.07176488638,0.131860178
253,She recognized that fair distribution would ensure all districts received adequate resources. She revised the allocation formula.,-0.03028948046,0.06693737209,0.09722685255
254,He determined that noise reduction would improve concentration for all students. He installed soundproofing.,-0.05388622731,0.07235365361,0.1262398809
255,They understood that vaccination requirements would protect the most vulnerable populations. They updated the admission policy.,-0.06246156245,0.06677178293,0.1292333454
256,She calculated that remote options would reduce commuting stress for hundreds of employees. She approved telecommuting.,-0.02903810143,0.06534387916,0.0943819806
257,He recognized that transparent reporting would help investors make better decisions. He disclosed all risks.,-0.0444781594,0.09645548463,0.140933644
258,They determined that recycling programs would reduce landfill burden for the region. They installed sorting bins.,-0.04959265143,0.07380246371,0.1233951151
259,She understood that multilingual signage would help more visitors navigate safely. She ordered translated signs.,-0.05033562332,0.07397085428,0.1243064776
260,He calculated that weatherization would lower heating costs for all residents. He sealed the windows.,-0.04775724933,0.08487904072,0.13263629
261,They recognized that extended hours would serve more patients with urgent needs. They kept the clinic open later.,-0.06738133729,0.06327847391,0.1306598112
262,She determined that clearer instructions would reduce errors across all departments. She rewrote the manual.,-0.03258741647,0.07627881318,0.1088662297
263,He understood that backup generators would ensure continuous care for critical patients. He purchased emergency power systems.,-0.06809698045,0.04105549678,0.1091524772
264,They calculated that bike lanes would reduce traffic accidents throughout the city. They approved the infrastructure plan.,-0.02075073682,0.06125257537,0.08200331219
265,She recognized that flexible payment plans would help more families afford treatment. She restructured the billing system.,-0.05935306102,0.02853703871,0.08789009973
266,He determined that cross-training would ensure coverage during emergencies for all shifts. He expanded staff certifications.,-0.08624063432,0.03283134848,0.1190719828
267,They understood that water conservation would preserve resources for future droughts. They installed low-flow fixtures.,-0.04543479532,0.03464883193,0.08008362725
268,She calculated that ergonomic furniture would reduce injury claims company-wide. She ordered adjustable desks.,-0.07032863051,0.05970783159,0.1300364621
269,He recognized that public transportation subsidies would reduce emissions citywide. He funded the bus passes.,-0.0553778559,0.06299295276,0.1183708087
270,They determined that smoke-free policies would improve health outcomes for all workers. They banned indoor smoking.,-0.04008688405,0.04697375745,0.0870606415
271,She understood that early childhood programs would reduce inequality across communities. She expanded preschool access.,-0.041076608,0.07166595012,0.1127425581
272,He calculated that automated systems would reduce human error in critical processes. He upgraded the technology.,-0.05076393858,0.07402398437,0.1247879229
273,They recognized that mental health support would improve productivity throughout the organization. They hired counselors.,-0.04665912315,0.07856030017,0.1252194233
274,She determined that transparent supply chains would reduce exploitation globally. She required vendor disclosure.,-0.03520828113,0.08397943527,0.1191877164
275,He understood that community gardens would improve food security for many families. He allocated the vacant lot.,-0.0817232579,0.0798497498,0.1615730077
276,They calculated that preventive care coverage would reduce emergency room visits overall. They expanded insurance benefits.,-0.03850258514,0.07532658428,0.1138291694
277,She recognized that flexible deadlines would reduce stress for all team members. She adjusted project timelines.,-0.02934232354,0.09120585769,0.1205481812
278,He determined that open-source software would benefit countless developers worldwide. He released the code publicly.,-0.0431088917,0.06255207211,0.1056609638
279,They understood that clean air standards would prevent respiratory problems for thousands. They tightened emissions regulations.,-0.05271724239,0.05474474654,0.1074619889
280,She calculated that meal programs would improve student performance district-wide. She funded free lunches.,-0.0570182167,0.05670735985,0.1137255765
281,He recognized that rehabilitation programs would reduce recidivism for most offenders. He expanded treatment options.,-0.04079455882,0.07443398237,0.1152285412
282,They determined that price caps would make medicine affordable for more patients. They regulated pharmaceutical costs.,-0.07374349982,0.05302254111,0.1267660409
283,She understood that parental leave would improve infant health outcomes overall. She extended benefit periods.,-0.03160286695,0.07399585843,0.1055987254
284,He calculated that green building standards would reduce energy consumption citywide. He updated construction codes.,-0.06262580305,0.06425807625,0.1268838793
285,They recognized that public wifi would bridge the digital divide for many students. They installed network access points.,-0.04057440907,0.0631641224,0.1037385315
286,She determined that conflict resolution training would reduce workplace disputes significantly. She mandated mediation workshops.,-0.05795672908,0.06436347961,0.1223202087
287,He understood that flood barriers would protect thousands of homes from damage. He approved the levy project.,-0.04087211937,0.04446317255,0.08533529192
288,They calculated that needle exchange programs would reduce disease transmission rates. They opened distribution centers.,-0.03453212231,0.09365263581,0.1281847581
289,She recognized that financial literacy courses would prevent debt for many families. She added curriculum requirements.,-0.02203390375,0.05486704037,0.07690094411
290,He determined that whistleblower protections would expose more corporate fraud. He strengthened reporting channels.,-0.0280903969,0.07520993799,0.1033003349
291,They understood that renewable energy mandates would reduce pollution for everyone. They required solar installations.,-0.04559282959,0.0721398443,0.1177326739
292,She calculated that telemedicine would increase healthcare access for rural populations. She launched virtual consultations.,-0.03081525676,0.0441518724,0.07496712916
293,He recognized that speed limits would reduce fatal accidents throughout the district. He lowered maximum speeds.,-0.04093012959,0.0917371586,0.1326672882
294,They determined that composting would divert waste from overflowing landfills. They started organic collection.,-0.02776066773,0.0732614398,0.1010221075
295,She understood that language interpretation would improve outcomes for immigrant patients. She hired translators.,-0.06601683795,0.0565591529,0.1225759909
296,He calculated that public defenders would ensure fairer trials for more defendants. He increased legal aid funding.,-0.0750387162,0.02581614256,0.1008548588
297,They recognized that shade trees would reduce cooling costs for entire neighborhoods. They planted urban forests.,-0.02842000499,0.09421212226,0.1226321273
298,She determined that anonymous reporting would uncover more safety violations. She created feedback systems.,-0.04573828727,0.09612888843,0.1418671757
299,He understood that disaster preparedness would save more lives during emergencies. He stockpiled supplies.,-0.05353856832,0.06219395995,0.1157325283
300,They calculated that inclusive hiring would strengthen innovation across industries. They removed biased requirements.,-0.05155644193,0.1145341769,0.1660906188
301,She recognized that pedestrian crossings would prevent injuries at busy intersections. She installed traffic signals.,-0.04070086032,0.09041753411,0.1311183944
302,He determined that data privacy laws would protect millions from identity theft. He enacted security standards.,-0.06338267028,0.05507353693,0.1184562072
303,They understood that affordable housing would reduce homelessness throughout the region. They subsidized construction.,-0.05708385259,0.06207675114,0.1191606037
304,She calculated that workplace wellness programs would reduce sick days company-wide. She introduced fitness benefits.,-0.02585310861,0.0700808093,0.09593391791
305,He recognized that restorative justice would heal more communities than punishment. He implemented dialogue programs.,-0.04047926143,0.1151200756,0.1555993371
306,They determined that electric buses would improve air quality for all residents. They converted the fleet.,-0.03086101077,0.07702979445,0.1078908052
307,She understood that paid sick leave would prevent disease spread in workplaces. She mandated coverage.,-0.05981291085,0.0743823126,0.1341952235
308,He calculated that community policing would reduce crime more effectively. He reassigned patrol officers.,-0.05239300057,0.08045309037,0.1328460909
309,They recognized that plastic bans would protect marine ecosystems globally. They prohibited single-use items.,-0.05462098867,0.07566595823,0.1302869469
310,She determined that student debt relief would stimulate economic growth broadly. She forgave educational loans.,-0.05088534206,0.06860753149,0.1194928735
311,He understood that universal design would accommodate more users with disabilities. He renovated public buildings.,-0.06070157513,0.06859475374,0.1292963289
312,They calculated that harm reduction strategies would save more lives than prohibition. They opened safe consumption sites.,-0.06549693644,0.06645707786,0.1319540143
313,She recognized that progressive taxation would reduce inequality across society. She restructured rate brackets.,-0.04151546955,0.09575304389,0.1372685134
314,He determined that renewable agriculture would preserve soil for future harvests. He promoted crop rotation.,-0.04524682835,0.05912709236,0.1043739207
315,They understood that public art would enhance community wellbeing for all residents. They commissioned murals.,-0.04279342666,0.07573364675,0.1185270734
316,She calculated that four-day workweeks would improve employee satisfaction overall. She piloted shorter schedules.,-0.05206838623,0.06267973036,0.1147481166
317,He recognized that universal basic income would reduce poverty for millions. He launched pilot programs.,-0.04205935821,0.08357751369,0.1256368719
318,They determined that green roofs would reduce urban heat for entire districts. They required vegetation layers.,-0.03345094994,0.06576425582,0.09921520576
319,She understood that free transit would increase mobility for low-income workers. She eliminated fare collection.,-0.0428853631,0.05333697796,0.09622234106
320,He calculated that drug decriminalization would reduce incarceration rates significantly. He changed sentencing guidelines.,0.03775012121,0.06241824105,0.02466811985
321,They recognized that cooperative ownership would distribute profits more fairly. They converted to worker control.,-0.03645127267,0.07071603835,0.107167311
322,She determined that buffer zones would protect more species from extinction. She expanded protected areas.,-0.0337385796,0.08540275693,0.1191413365
323,He understood that minimum wage increases would lift thousands from poverty. He raised hourly rates.,-0.05630322918,0.08205321431,0.1383564435
324,They calculated that preventive screenings would detect cancer earlier for many patients. They covered mammograms.,-0.05751151592,0.0696477741,0.12715929
325,She recognized that community land trusts would preserve affordable housing permanently. She transferred property ownership.,-0.04143168777,0.06365092844,0.1050826162
326,He determined that ranked choice voting would represent more voters' preferences. He reformed election systems.,-0.06793427467,0.06460730731,0.132541582
327,They understood that carbon pricing would incentivize cleaner energy for all sectors. They implemented emissions taxes.,-0.05809709802,0.05918662623,0.1172837242
328,She calculated that universal childcare would enable more parents to work. She subsidized daycare centers.,-0.0521373041,0.04293240234,0.09506970644
329,He recognized that net neutrality would ensure equal internet access for everyone. He regulated service providers.,-0.08551330119,0.05249285325,0.1380061544
330,They determined that prisoner education would reduce reoffense rates substantially. They funded degree programs.,-0.05568894371,0.05209941044,0.1077883542
331,She understood that urban farming would improve food access in deserts. She zoned for agriculture.,-0.06814220548,0.09990622103,0.1680484265
332,He calculated that public banking would reduce fees for countless customers. He chartered municipal institutions.,-0.06179963052,0.1372684687,0.1990680993
333,They recognized that renewable portfolios would decrease emissions industry-wide. They mandated clean energy quotas.,-0.05432186648,0.07867375016,0.1329956166
334,She determined that rent control would prevent displacement of longtime residents. She capped annual increases.,-0.02913361974,0.07848744094,0.1076210607
335,He understood that participatory budgeting would empower more citizens democratically. He allocated discretionary funds.,-0.05874370411,0.0577169843,0.1164606884
336,They calculated that universal healthcare would reduce bankruptcies from medical debt. They expanded coverage.,-0.0481184721,0.04451708123,0.09263555333
337,She recognized that indigenous land rights would preserve ecosystems better. She returned territorial control.,-0.03051276319,0.07422801107,0.1047407743
338,He determined that open data would enable more innovation and accountability. He published government records.,-0.04646269605,0.08322928101,0.1296919771
339,They understood that circular economy principles would reduce waste for all industries. They required product recycling.,-0.04874213412,0.06970608979,0.1184482239
340,She calculated that free education would increase social mobility for generations. She eliminated tuition fees.,-0.04957715049,0.08521410078,0.1347912513
341,He recognized that community oversight would reduce police misconduct incidents. He created review boards.,-0.03482896835,0.1113927439,0.1462217122
342,They determined that wildlife corridors would prevent species fragmentation. They connected habitat patches.,-0.03684583679,0.09242060781,0.1292664446
343,She understood that cooperative housing would lower costs for all residents. She formed tenant associations.,-0.04605646804,0.05906639993,0.105122868
344,He calculated that public pharmaceuticals would reduce medication prices nationally. He established production facilities.,-0.04883060232,0.05042801797,0.09925862029
345,They recognized that restorative agriculture would sequester carbon while feeding more people. They subsidized regenerative practices.,-0.04831767827,0.05127947032,0.0995971486
346,She determined that wealth taxes would fund programs benefiting millions. She levied asset assessments.,-0.05318794399,0.06783019751,0.1210181415
347,He understood that community kitchens would reduce hunger throughout neighborhoods. He opened cooking facilities.,-0.05246480927,0.05141617358,0.1038809828
348,They calculated that green bonds would finance sustainable projects for everyone's benefit. They issued environmental securities.,-0.06458793581,0.07592751831,0.1405154541
349,She recognized that participatory planning would create more livable cities for all. She organized community workshops.,-0.05277143046,0.05319412425,0.1059655547
350,He determined that public broadband would bridge digital divides permanently. He built municipal networks.,-0.03034447879,0.07198366523,0.102328144
351,They understood that social housing would provide stability for vulnerable families. They constructed public units.,-0.06052532047,0.05410058051,0.114625901
352,She calculated that congestion pricing would reduce traffic and pollution downtown. She installed toll systems.,-0.03771718964,0.08329451084,0.1210117005
353,He recognized that worker cooperatives would distribute ownership more democratically. He provided startup loans.,-0.06285618991,0.0613543652,0.1242105551
354,They determined that ecosystem services payments would protect watersheds for millions. They compensated landowners.,-0.0415793024,0.06575941294,0.1073387153
355,She understood that inclusive zoning would integrate communities economically. She required affordable units.,-0.04480042681,0.09419977665,0.1390002035
356,He calculated that free public transport would reduce emissions and inequality simultaneously. He eliminated all fares.,-0.06202415377,0.08078069985,0.1428048536
357,They recognized that community health workers would improve outcomes in underserved areas. They trained local residents.,-0.05370807648,0.05910079554,0.112808872
358,She determined that public refrigeration would reduce food waste citywide. She installed community coolers.,-0.03615640849,0.1006960869,0.1368524954
359,He understood that inclusive procurement would support minority businesses broadly. He revised purchasing policies.,-0.06557027996,0.06816534698,0.1337356269
360,They calculated that urban wetlands would reduce flooding for thousands of homes. They restored marsh areas.,-0.04044285044,0.06298878044,0.1034316309
361,She recognized that community wealth building would keep resources local. She prioritized regional suppliers.,-0.0457091853,0.07184161991,0.1175508052
362,He determined that public algorithms would ensure fairer automated decisions. He required code transparency.,-0.04745281488,0.05827337503,0.1057261899
363,They understood that social prescribing would reduce healthcare costs overall. They connected patients to community resources.,-0.06388926506,0.05401106179,0.1179003268
364,She calculated that district heating would lower energy bills for entire neighborhoods. She built thermal networks.,-0.03470142931,0.0753820613,0.1100834906
365,He recognized that community currencies would strengthen local economies. He launched exchange systems.,-0.05073551089,0.1027567834,0.1534922943
366,They determined that blue infrastructure would manage stormwater while creating amenities. They designed bioswales.,-0.0373679325,0.06555060297,0.1029185355
367,She understood that public spaces would foster social cohesion for all residents. She created pocket parks.,-0.05543469638,0.06974565983,0.1251803562
368,He calculated that energy democracy would distribute power generation benefits widely. He enabled community solar.,-0.03801195696,0.07194229215,0.1099542491
369,They recognized that food forests would provide nutrition while restoring habitats. They planted edible landscapes.,-0.03325789794,0.1498803496,0.1831382476
370,She determined that public tool libraries would reduce consumption and waste. She opened lending centers.,-0.04493096843,0.07776065916,0.1226916276
371,He understood that community bonds would build social capital across differences. He organized neighborhood events.,-0.05735083297,0.08145689219,0.1388077252
372,They calculated that green jobs training would transition workers to sustainable industries. They funded retraining programs.,-0.06012245268,0.0599632971,0.1200857498
373,She recognized that public seed banks would preserve biodiversity for future generations. She stored genetic materials.,-0.03161814436,0.1183768287,0.1499949731
374,He determined that community justice would heal relationships better than courts. He established peace circles.,-0.0468384698,0.2095932662,0.2564317361
375,They understood that public makerspaces would democratize innovation for everyone. They opened fabrication labs.,-0.05196843669,0.04880163074,0.1007700674
376,She calculated that inclusive playgrounds would benefit children of all abilities. She installed adaptive equipment.,-0.0322428979,0.08799888939,0.1202417873
377,He recognized that community science would engage more people in research. He distributed monitoring kits.,-0.05013289303,0.09557831287,0.1457112059
378,They determined that public cooling centers would save lives during heat waves. They designated refuge spaces.,-0.0325415656,0.08517734706,0.1177189127
379,She understood that repair cafes would reduce waste while building skills. She organized fixing workshops.,-0.06101158261,0.05826947466,0.1192810573
380,He calculated that community orchards would provide fresh fruit for entire neighborhoods. He planted fruit trees.,-0.03602907434,0.07461963594,0.1106487103
381,They recognized that public bathrooms would restore dignity for homeless populations. They installed facilities.,-0.04005586356,0.09535741806,0.1354132816
382,She determined that community radio would amplify marginalized voices. She licensed local stations.,-0.03486360982,0.09913988411,0.1340034939
383,He understood that public nap spaces would improve productivity and health. He created rest areas.,-0.05229895934,0.06579315662,0.118092116
384,They calculated that tool sharing would reduce costs for all homeowners. They started equipment libraries.,-0.04845704511,0.1020778045,0.1505348496
385,She recognized that community fridges would reduce food insecurity locally. She placed refrigerators outside.,-0.03645821288,0.1080345586,0.1444927715
386,He determined that public workshops would spread skills throughout communities. He opened learning spaces.,-0.05724317208,0.07968816906,0.1369313411
387,They understood that community composting would divert organic waste beneficially. They installed collection bins.,-0.06517977268,0.06214335188,0.1273231246
388,She calculated that public phone charging would help people stay connected. She installed power stations.,-0.04126698151,0.06362009794,0.1048870794
389,He recognized that community bulletin boards would strengthen local networks. He mounted information panels.,-0.05678999424,0.09150859714,0.1482985914
390,They determined that public water fountains would reduce plastic bottle waste. They installed drinking stations.,-0.03986972943,0.05121501163,0.09108474106
391,She understood that community libraries would provide resources for all ages. She opened book exchanges.,-0.04740164429,0.06818084419,0.1155824885
392,He calculated that public seating would help elderly residents navigate cities. He placed more benches.,-0.03766885027,0.08208041638,0.1197492667
393,They recognized that community gardens would strengthen food sovereignty locally. They converted vacant lots.,-0.04833992198,0.1510556191,0.1993955411
394,She determined that public art supplies would nurture creativity for all children. She stocked drawing stations.,-0.03665395454,0.07194544375,0.1085993983
395,He understood that community timebanks would value everyone's contributions equally. He created hour exchanges.,-0.05559950322,0.1187587306,0.1743582338
396,They calculated that public exercise equipment would improve community health. They installed fitness stations.,-0.04319312051,0.08714201301,0.1303351335
397,She recognized that community closets would provide clothing for those in need. She organized donation centers.,-0.03449105844,0.06123777479,0.09572883323
398,He determined that public pianos would bring music to more people. He placed instruments outdoors.,-0.05517305806,0.04284794256,0.09802100062
399,They understood that community pantries would ensure food access for struggling families. They stocked supply boxes.,-0.04282324389,0.08753355592,0.1303567998
400,She calculated that public showers would restore hygiene access for homeless individuals. She opened washing facilities.,-0.05350877717,0.05944962427,0.1129584014
401,He recognized that community workshops would transfer knowledge between generations. He arranged skill sessions.,-0.05591355637,0.1004829258,0.1563964821
402,They determined that public lockers would provide storage for people without homes. They installed secure compartments.,-0.04065772519,0.03629542142,0.07695314661
403,She understood that community dinners would reduce isolation for single residents. She organized shared meals.,-0.04464320466,0.05622602999,0.1008692347
404,He calculated that public computers would bridge digital divides for many families. He set up internet terminals.,-0.05254152045,0.05719237775,0.1097338982
405,They recognized that community childcare would enable more parents to work or study. They created playgroups.,-0.04352321848,0.05811764672,0.1016408652
406,She determined that public shade structures would protect people from heat exposure. She erected sun shelters.,-0.03036873415,0.06416011602,0.09452885017
407,He understood that community ride boards would reduce transportation costs for everyone. He posted carpool lists.,-0.03097430989,0.06993559748,0.1009099074
408,They calculated that public maps would help more tourists support local businesses. They installed way-finding signs.,-0.0517373085,0.06529060751,0.117027916
409,She recognized that community interpreters would include non-English speakers better. She recruited translators.,-0.03982186317,0.08293762058,0.1227594838
410,He determined that public clocks would help people without phones stay punctual. He mounted timepieces.,-0.05216054246,0.05506557226,0.1072261147
411,They understood that community mediation would resolve conflicts without legal costs. They trained peacekeepers.,-0.06337187439,0.06049386039,0.1238657348
412,She calculated that public breast-feeding spaces would support working mothers. She designated nursing rooms.,-0.05266839638,0.05599407107,0.1086624674
413,He recognized that community celebrations would unite diverse populations. He planned cultural festivals.,-0.03956333548,0.1168742999,0.1564376354
414,They determined that public notice boards would spread information to those offline. They posted announcements.,-0.04106095061,0.1185763776,0.1596373282
415,She understood that community shuttles would connect isolated elderly residents. She arranged transport routes.,-0.03750076145,0.06114365533,0.09864441678
416,He calculated that public defibrillators would save lives during cardiac emergencies. He installed AED units.,-0.05152516812,0.06823862344,0.1197637916
417,They recognized that community mentorship would guide youth toward better futures. They paired adults with teens.,-0.03114345111,0.09503258765,0.1261760388
418,She determined that public homework help would level educational playing fields. She organized tutoring sessions.,-0.05063557625,0.07484335452,0.1254789308
419,He understood that community sports leagues would build social bonds across backgrounds. He formed recreational teams.,-0.04947325215,0.06552034616,0.1149935983
420,They calculated that public first aid training would prepare more people for emergencies. They offered CPR classes.,-0.05128933117,0.06299133599,0.1142806672
421,She recognized that community story circles would preserve cultural heritage. She recorded oral histories.,-0.03590578586,0.1195064262,0.155412212
422,He determined that public bike pumps would enable more people to cycle safely. He installed air stations.,-0.04971029237,0.07200538367,0.121715676
423,They understood that community sewing circles would provide clothing repairs affordably. They organized mending groups.,-0.0645404309,0.03614834696,0.1006887779
424,She calculated that public pet areas would include more residents in community spaces. She created dog parks.,-0.03963426873,0.07408621162,0.1137204804
425,He recognized that community conflict resolution would prevent escalation to violence. He facilitated dialogue sessions.,-0.04467258975,0.09660135955,0.1412739493
426,They determined that public hand-washing stations would reduce disease transmission. They installed sink units.,-0.04753192514,0.05850467458,0.1060365997
427,She understood that community skill-shares would distribute knowledge freely. She coordinated teaching exchanges.,-0.03736619279,0.06859438121,0.105960574
428,He calculated that public gathering spaces would reduce social isolation significantly. He opened community centers.,-0.05866848677,0.08670781553,0.1453763023
429,They recognized that community emergency plans would save more lives during disasters. They organized response teams.,-0.05829485133,0.06188634038,0.1201811917
430,She determined that public walking groups would improve fitness for sedentary residents. She led morning walks.,-0.03188300505,0.06464251876,0.09652552381
431,He understood that community supported agriculture would ensure fresh food access. He organized farm shares.,-0.06366545707,0.0940445438,0.1577100009
432,They calculated that public meeting rooms would enable more civic participation. They opened assembly spaces.,-0.0368736051,0.08631359041,0.1231871955
433,She recognized that community legal clinics would provide justice for poor residents. She arranged pro-bono services.,-0.05968884751,0.07843840122,0.1381272487
434,He determined that public chess tables would provide recreation for all ages. He installed game boards.,-0.01842253469,0.06734761596,0.08577015065
435,They understood that community owned renewable energy would distribute benefits locally. They formed energy cooperatives.,-0.05324858055,0.07012327015,0.1233718507
436,She calculated that public therapy animals would reduce stress for many people. She brought comfort dogs.,-0.04889485613,0.0527324602,0.1016273163
437,He recognized that community advocacy training would empower marginalized groups. He taught organizing skills.,-0.05726694688,0.09219560772,0.1494625546
438,They determined that public sleep pods would provide rest for exhausted workers. They installed nap capsules.,-0.01687444933,0.05748594552,0.07436039485
439,She understood that community resource centers would connect people to services. She compiled referral lists.,-0.05594364181,0.0640552938,0.1199989356
440,He calculated that public micro-grants would enable more grassroots projects. He distributed small funds.,-0.0477504544,0.05050569773,0.09825615212
441,They recognized that community preservation efforts would maintain cultural landmarks. They restored historic buildings.,-0.03256709874,0.08479551971,0.1173626184
442,She determined that public lactation support would help more mothers breastfeed successfully. She provided counseling services.,-0.05400329083,0.05153411999,0.1055374108
443,He understood that community crisis response would prevent unnecessary institutionalization. He dispatched peer supporters.,-0.07255208492,0.062154755,0.1347068399
444,They calculated that public cooling misters would provide heat relief for everyone. They installed spray systems.,-0.04073182121,0.07104706019,0.1117788814
445,She recognized that community asset mapping would reveal hidden resources. She documented local capacities.,-0.02707380243,0.1097600609,0.1368338633
446,He determined that public memorial spaces would help communities process grief. He created remembrance gardens.,-0.02969719656,0.07531926781,0.1050164644
447,They understood that community safety walks would identify hazards for residents. They surveyed neighborhoods.,-0.0502699092,0.09634827822,0.1466181874
448,She calculated that public birthday parties would include children from poor families. She organized celebrations.,-0.02540695667,0.08195415884,0.1073611155
449,He recognized that community response teams would address crises faster locally. He coordinated volunteers.,-0.08705110103,0.1189121604,0.2059632614
450,They determined that public winter warming would prevent cold exposure deaths. They opened heated shelters.,-0.036135111,0.07857780159,0.1147129126
451,She understood that community newsletters would inform residents without internet. She printed local updates.,-0.03909458593,0.08790376782,0.1269983537
452,He calculated that public basketball courts would provide youth positive activities. He renovated play areas.,-0.03886207193,0.1728440374,0.2117061093
453,They recognized that community elder care would support aging populations better. They organized companion visits.,-0.05329191312,0.08431898803,0.1376109011
454,She determined that public music lessons would nurture talent regardless of income. She offered free instruction.,-0.03583279997,0.06554843485,0.1013812348
455,He understood that community resilience hubs would protect people during emergencies. He equipped safe spaces.,-0.04916360602,0.06998726726,0.1191508733
456,They calculated that public diaper banks would help struggling parents afford necessities. They distributed supplies.,-0.04613089189,0.1001326963,0.1462635882
457,She recognized that community ambassadors would welcome newcomers more effectively. She trained greeters.,-0.02639038675,0.1032139659,0.1296043526
458,He determined that public quiet zones would provide respite from urban noise. He designated silent areas.,-0.03132107481,0.06331266463,0.09463373944
459,They understood that community bulk buying would reduce costs for all participants. They organized group purchases.,-0.06505640596,0.06151448935,0.1265708953
460,She calculated that public sunscreen dispensers would prevent skin cancer cases. She installed protection stations.,-0.03809267655,0.05456005409,0.09265273064
461,He recognized that community peer support would help people in recovery. He facilitated support groups.,-0.06188906357,0.08808526397,0.1499743275
462,They determined that public reading programs would improve literacy for all ages. They organized book clubs.,-0.05517961457,0.05180734023,0.1069869548
463,She understood that community investment funds would keep wealth circulating locally. She created loan pools.,-0.03632783145,0.06681708246,0.1031449139
464,He calculated that public hydration stations would prevent heat illness widely. He positioned water coolers.,-0.06776448339,0.04561577365,0.113380257
465,They recognized that community watch programs would increase safety for everyone. They organized patrol schedules.,-0.04032918066,0.092290245,0.1326194257
466,She determined that public vision screenings would detect problems early in children. She arranged eye exams.,-0.04249851033,0.06931734085,0.1118158512
467,He understood that community building projects would teach skills while improving spaces. He organized work parties.,-0.04732662812,0.06550911069,0.1128357388
468,They calculated that public naloxone access would save lives from overdoses. They distributed reversal kits.,-0.05237207189,0.0799888894,0.1323609613
469,She recognized that community storytelling would bridge generational divides. She hosted narrative evenings.,-0.03606975824,0.1194913462,0.1555611044
470,He determined that public basketball hoops would provide exercise opportunities freely. He installed court equipment.,0.1375378817,0.2175978124,0.08005993068
471,They understood that community accountability processes would reduce harm without punishment. They facilitated healing circles.,-0.06004108489,0.07607185841,0.1361129433
472,She calculated that public coat drives would warm people through winter months. She collected warm clothing.,-0.02855622768,0.08962977678,0.1181860045
473,He recognized that community identity support would reduce discrimination locally. He organized pride events.,-0.03109678254,0.107694447,0.1387912296
474,She calculated that providing free breakfast would improve concentration for students in low-income schools. She implemented the morning meal program.,-0.04458324239,0.04728366807,0.09186691046
475,He recognized that offering flexible payment options would reduce financial stress for many customers. He introduced installment plans.,-0.08106863499,0.05691414326,0.1379827783
476,They determined that creating pedestrian zones would reduce accidents and pollution in the city center. They closed the area to traffic.,-0.04844374582,0.0431365408,0.09158028662
477,She understood that early mental health support would prevent more severe issues later. She established a counseling service in schools.,-0.04225715622,0.03539754078,0.077654697
478,He figured that providing recycling bins in public spaces would increase participation and reduce litter. He placed bins in parks and streets.,-0.03423636034,0.04887657985,0.08311294019
479,They calculated that offering online services would save time and resources for numerous residents. They developed a digital portal.,-0.03240296617,0.06831753254,0.1007204987
480,She recognized that training employees in conflict resolution would improve workplace harmony and productivity. She organized workshops.,-0.05831743777,0.07022806257,0.1285455003
481,He determined that installing energy-efficient appliances in public buildings would lower utility costs for the community. He replaced old equipment.,-0.05308252946,0.03211463615,0.08519716561
482,They understood that creating community gardens would provide fresh produce and social interaction for residents. They allocated land for gardening.,-0.07164043188,0.05510167405,0.1267421059
483,She calculated that offering free Wi-Fi in public areas would help bridge the digital divide for underserved populations. She installed hotspots.,-0.02178283408,0.03507679701,0.05685963109
484,He recognized that implementing a car-sharing program would reduce individual car ownership and emissions. He launched a vehicle fleet.,-0.02523127757,0.04972465709,0.07495593466
485,They determined that providing childcare at community events would increase attendance from families. They set up a supervised play area.,-0.03916851059,0.05579927564,0.09496778622
486,She understood that offering financial literacy classes would help people manage debt and save money. She scheduled courses at the library.,-0.04156989977,0.009713563137,0.0512834629
487,He figured that creating a bike-sharing program would encourage eco-friendly transportation and reduce traffic. He deployed bicycles around the city.,-0.0472076945,0.03019487672,0.07740257122
488,They calculated that installing water refill stations would reduce plastic bottle waste and promote hydration. They placed stations in public parks.,-0.04121866822,0.05687013641,0.09808880463
489,She recognized that organizing volunteer clean-up events would improve neighborhood aesthetics and community pride. She coordinated weekend efforts.,-0.03365953639,0.05848572403,0.09214526042
490,He determined that offering free health screenings would detect issues early and reduce healthcare costs. He hosted a clinic at the community center.,-0.07144016027,0.0260035526,0.09744371288
491,She calculated that providing emergency preparedness kits would help families during disasters and reduce panic. She distributed kits to households.,-0.03992662579,0.04534302279,0.08526964858
492,He recognized that implementing a gray water system would conserve water for landscaping and reduce utility bills. He installed the system in public buildings.,-0.05877411366,0.03550941497,0.09428352863
493,They determined that offering coding classes for youth would prepare them for future jobs and reduce unemployment. They partnered with a tech company.,-0.05024052411,0.05166380107,0.1019043252
494,She understood that creating a community newsletter would keep residents informed and engaged in local issues. She started a monthly publication.,-0.04017104208,0.05747804046,0.09764908254
495,He figured that installing solar lights in parks would increase safety and reduce energy costs. He replaced old lights with solar ones.,-0.03070351854,0.05027626827,0.08097978681
496,They calculated that providing public access to government data would increase transparency and trust in institutions. They published datasets online.,-0.0547375679,0.05968737602,0.1144249439
497,She recognized that organizing cultural festivals would promote diversity and community cohesion. She planned an annual event.,-0.03127983585,0.07887732238,0.1101571582
498,He determined that implementing a composting program would reduce landfill waste and create nutrient-rich soil. He set up collection bins.,-0.0538164936,0.03309757635,0.08691406995
499,They understood that creating a mentorship program would support youth development and reduce dropout rates. They recruited local professionals.,-0.03866294026,0.04864394665,0.08730688691